"type","Market_Ticker","Market_Id","Original_Date","Price_In_Cents","Amount_In_Dollars","Fee_In_Dollars","Traded_Time","Direction","Order_Type"
"Trade","KXNHLGAME-25OCT30NJSJ-NJ","d74fcc4c-6360-43c4-b302-d0c8f5556c1b","2025-10-31T03:44:08.194Z","4","300","0.21","8:44pm PDT","No","Maker"
"Trade","KXNHLGAME-25OCT30NJSJ-NJ","d74fcc4c-6360-43c4-b302-d0c8f5556c1b","2025-10-31T02:54:59.313Z","31","300","4.50","7:54pm PDT","No","Taker"
"Trade","KXNHLGAME-25OCT30NJSJ-NJ","d74fcc4c-6360-43c4-b302-d0c8f5556c1b","2025-10-31T02:49:18.054Z","31","66","0.25","7:49pm PDT","No","Maker"
"Trade","KXNHLGAME-25OCT30NJSJ-NJ","d74fcc4c-6360-43c4-b302-d0c8f5556c1b","2025-10-31T02:49:16.866Z","30","17","0.25","7:49pm PDT","No","Taker"
"Trade","KXNHLGAME-25OCT30NJSJ-NJ","d74fcc4c-6360-43c4-b302-d0c8f5556c1b","2025-10-31T02:40:06.288Z","18","50","0.13","7:40pm PDT","Yes","Maker"
"Trade","KXNHLGAME-25OCT30NJSJ-NJ","d74fcc4c-6360-43c4-b302-d0c8f5556c1b","2025-10-31T02:40:01.029Z","18","16","0.05","7:40pm PDT","Yes","Maker"
"Trade","KXNHLGAME-25OCT30NJSJ-NJ","d74fcc4c-6360-43c4-b302-d0c8f5556c1b","2025-10-31T02:37:19.813Z","37","300","1.23","7:37pm PDT","No","Maker"
"Trade","KXNHLGAME-25OCT30NJSJ-NJ","d74fcc4c-6360-43c4-b302-d0c8f5556c1b","2025-10-31T02:33:41.824Z","32","674","2.57","7:33pm PDT","Yes","Maker"
"Trade","KXNHLGAME-25OCT30NJSJ-NJ","d74fcc4c-6360-43c4-b302-d0c8f5556c1b","2025-10-31T02:33:31.463Z","35","300","4.78","7:33pm PDT","Yes","Taker"
"Trade","KXNHLGAME-25OCT30NJSJ-NJ","d74fcc4c-6360-43c4-b302-d0c8f5556c1b","2025-10-31T02:32:34.917Z","32","5","0.02","7:32pm PDT","Yes","Maker"
"Trade","KXNHLGAME-25OCT30NJSJ-NJ","d74fcc4c-6360-43c4-b302-d0c8f5556c1b","2025-10-31T02:32:25.637Z","38","227","0.94","7:32pm PDT","Yes","Maker"
"Trade","KXNHLGAME-25OCT30NJSJ-NJ","d74fcc4c-6360-43c4-b302-d0c8f5556c1b","2025-10-31T02:32:10.320Z","49","31","0.14","7:32pm PDT","No","Maker"
"Trade","KXNHLGAME-25OCT30NJSJ-NJ","d74fcc4c-6360-43c4-b302-d0c8f5556c1b","2025-10-31T02:32:08.908Z","49","15","0.07","7:32pm PDT","No","Maker"
"Trade","KXNHLGAME-25OCT30NJSJ-NJ","d74fcc4c-6360-43c4-b302-d0c8f5556c1b","2025-10-31T02:32:05.468Z","49","5","0.03","7:32pm PDT","No","Maker"
"Trade","KXNHLGAME-25OCT30NJSJ-NJ","d74fcc4c-6360-43c4-b302-d0c8f5556c1b","2025-10-31T02:31:45.727Z","38","1","0.01","7:31pm PDT","Yes","Maker"
"Trade","KXNHLGAME-25OCT30NJSJ-NJ","d74fcc4c-6360-43c4-b302-d0c8f5556c1b","2025-10-31T02:31:36.390Z","42","51","0.22","7:31pm PDT","Yes","Maker"
"Trade","KXNHLGAME-25OCT30NJSJ-NJ","d74fcc4c-6360-43c4-b302-d0c8f5556c1b","2025-10-31T02:31:30.049Z","45","5","0.03","7:31pm PDT","Yes","Maker"
"Trade","KXNHLGAME-25OCT30NJSJ-NJ","d74fcc4c-6360-43c4-b302-d0c8f5556c1b","2025-10-31T02:31:29.331Z","49","5","0.03","7:31pm PDT","Yes","Maker"
"Trade","KXNHLGAME-25OCT30NYREDM-EDM","9889fc7f-c258-41c4-8cd8-5bc99eca4e7e","2025-10-31T01:35:51.590Z","61","102","1.70","6:35pm PDT","Yes","Taker"
"Trade","KXNHLGAME-25OCT30NYREDM-EDM","9889fc7f-c258-41c4-8cd8-5bc99eca4e7e","2025-10-31T01:31:03.935Z","59","28","0.48","6:31pm PDT","No","Taker"
"Trade","KXNHLGAME-25OCT30NYREDM-EDM","9889fc7f-c258-41c4-8cd8-5bc99eca4e7e","2025-10-31T01:31:03.935Z","60","23","0.39","6:31pm PDT","No","Taker"
"Trade","KXNHLGAME-25OCT30NYREDM-EDM","9889fc7f-c258-41c4-8cd8-5bc99eca4e7e","2025-10-31T01:30:14.041Z","49","51","0.23","6:30pm PDT","No","Maker"
"Trade","KXNHLGAME-25OCT30NYREDM-EDM","9889fc7f-c258-41c4-8cd8-5bc99eca4e7e","2025-10-31T01:30:14.041Z","49","51","0.23","6:30pm PDT","No","Maker"
"Trade","KXNHLGAME-25OCT30NYREDM-EDM","9889fc7f-c258-41c4-8cd8-5bc99eca4e7e","2025-10-31T01:27:28.694Z","42","51","0.22","6:27pm PDT","Yes","Maker"
"Trade","KXNHLGAME-25OCT30VANSTL-STL","da8f98a3-13dc-41fa-a17c-f2a17914b246","2025-10-31T00:20:45.951Z","74","32","0.11","5:20pm PDT","Yes","Maker"
"Trade","KXNHLGAME-25OCT30VANSTL-STL","da8f98a3-13dc-41fa-a17c-f2a17914b246","2025-10-31T00:16:17.861Z","75","4","0.02","5:16pm PDT","No","Maker"
"Trade","KXNHLGAME-25OCT30VANSTL-STL","da8f98a3-13dc-41fa-a17c-f2a17914b246","2025-10-31T00:16:09.438Z","74","4","0.02","5:16pm PDT","No","Maker"
"Trade","KXNHLGAME-25OCT30VANSTL-STL","da8f98a3-13dc-41fa-a17c-f2a17914b246","2025-10-31T00:14:50.228Z","73","4","0.02","5:14pm PDT","No","Maker"
"Trade","KXNHLGAME-25OCT30VANSTL-STL","da8f98a3-13dc-41fa-a17c-f2a17914b246","2025-10-31T00:14:48.264Z","72","4","0.06","5:14pm PDT","No","Taker"
"Trade","KXNHLGAME-25OCT30VANSTL-STL","da8f98a3-13dc-41fa-a17c-f2a17914b246","2025-10-31T00:14:26.358Z","70","4","0.02","5:14pm PDT","No","Maker"
"Trade","KXNHLGAME-25OCT30VANSTL-STL","da8f98a3-13dc-41fa-a17c-f2a17914b246","2025-10-31T00:13:45.255Z","69","4","0.06","5:13pm PDT","No","Taker"
"Trade","KXNHLGAME-25OCT30VANSTL-STL","da8f98a3-13dc-41fa-a17c-f2a17914b246","2025-10-31T00:13:44.258Z","70","4","0.06","5:13pm PDT","No","Taker"
"Trade","KXNHLGAME-25OCT30VANSTL-STL","da8f98a3-13dc-41fa-a17c-f2a17914b246","2025-10-31T00:13:43.197Z","70","4","0.06","5:13pm PDT","No","Taker"
"Trade","KXNCAAFGAME-25OCT30TULNUTSA-UTSA","ee25f3ed-2078-4760-b911-c88e25ef4f6e","2025-10-30T23:57:20.226Z","44","50","0.22","4:57pm PDT","Yes","Maker"
"Trade","KXNCAAFGAME-25OCT30TULNUTSA-UTSA","ee25f3ed-2078-4760-b911-c88e25ef4f6e","2025-10-30T23:57:05.059Z","46","50","0.22","4:57pm PDT","Yes","Maker"
"Trade","KXNCAAFGAME-25OCT30TULNUTSA-UTSA","ee25f3ed-2078-4760-b911-c88e25ef4f6e","2025-10-30T23:56:13.661Z","45","349","1.52","4:56pm PDT","Yes","Maker"
"Trade","KXNCAAFGAME-25OCT30TULNUTSA-UTSA","ee25f3ed-2078-4760-b911-c88e25ef4f6e","2025-10-30T23:56:12.739Z","45","15","0.07","4:56pm PDT","Yes","Maker"
"Trade","KXNCAAFGAME-25OCT30TULNUTSA-UTSA","ee25f3ed-2078-4760-b911-c88e25ef4f6e","2025-10-30T23:56:12.444Z","45","50","0.22","4:56pm PDT","Yes","Maker"
"Trade","KXNCAAFGAME-25OCT30TULNUTSA-UTSA","ee25f3ed-2078-4760-b911-c88e25ef4f6e","2025-10-30T23:56:11.829Z","45","100","0.44","4:56pm PDT","Yes","Maker"
"Trade","KXNCAAFGAME-25OCT30TULNUTSA-UTSA","ee25f3ed-2078-4760-b911-c88e25ef4f6e","2025-10-30T23:56:06.366Z","45","15","0.07","4:56pm PDT","Yes","Maker"
"Trade","KXNCAAFGAME-25OCT30TULNUTSA-UTSA","ee25f3ed-2078-4760-b911-c88e25ef4f6e","2025-10-30T23:56:04.603Z","45","14","0.07","4:56pm PDT","Yes","Maker"
"Trade","KXNCAAFGAME-25OCT30TULNUTSA-UTSA","ee25f3ed-2078-4760-b911-c88e25ef4f6e","2025-10-30T23:55:45.762Z","43","18","0.08","4:55pm PDT","Yes","Maker"
"Trade","KXNCAAFGAME-25OCT30TULNUTSA-UTSA","ee25f3ed-2078-4760-b911-c88e25ef4f6e","2025-10-30T23:55:45.541Z","43","15","0.07","4:55pm PDT","Yes","Maker"
"Trade","KXNCAAFGAME-25OCT30TULNUTSA-UTSA","ee25f3ed-2078-4760-b911-c88e25ef4f6e","2025-10-30T23:55:45.380Z","43","267","1.15","4:55pm PDT","Yes","Maker"
"Trade","KXNCAAFGAME-25OCT30TULNUTSA-UTSA","ee25f3ed-2078-4760-b911-c88e25ef4f6e","2025-10-30T23:55:44.701Z","43","17","0.08","4:55pm PDT","Yes","Maker"
"Trade","KXNCAAFGAME-25OCT30TULNUTSA-UTSA","ee25f3ed-2078-4760-b911-c88e25ef4f6e","2025-10-30T23:55:43.289Z","43","75","0.33","4:55pm PDT","Yes","Maker"
"Trade","KXNCAAFGAME-25OCT30TULNUTSA-UTSA","ee25f3ed-2078-4760-b911-c88e25ef4f6e","2025-10-30T23:55:20.572Z","42","400","6.83","4:55pm PDT","Yes","Taker"
"Trade","KXNCAAFGAME-25OCT30TULNUTSA-UTSA","ee25f3ed-2078-4760-b911-c88e25ef4f6e","2025-10-30T23:54:54.169Z","43","54","0.24","4:54pm PDT","Yes","Maker"
"Trade","KXNCAAFGAME-25OCT30TULNUTSA-UTSA","ee25f3ed-2078-4760-b911-c88e25ef4f6e","2025-10-30T23:54:51.866Z","45","306","1.33","4:54pm PDT","Yes","Maker"
"Trade","KXNCAAFGAME-25OCT30TULNUTSA-UTSA","ee25f3ed-2078-4760-b911-c88e25ef4f6e","2025-10-30T23:54:51.866Z","43","57","0.25","4:54pm PDT","Yes","Maker"
"Trade","KXNCAAFGAME-25OCT30TULNUTSA-UTSA","ee25f3ed-2078-4760-b911-c88e25ef4f6e","2025-10-30T23:54:51.079Z","45","54","0.24","4:54pm PDT","Yes","Maker"
"Trade","KXNCAAFGAME-25OCT30TULNUTSA-UTSA","ee25f3ed-2078-4760-b911-c88e25ef4f6e","2025-10-30T23:54:49.252Z","45","126","0.55","4:54pm PDT","Yes","Maker"
"Trade","KXNCAAFGAME-25OCT30TULNUTSA-UTSA","ee25f3ed-2078-4760-b911-c88e25ef4f6e","2025-10-30T23:54:46.840Z","45","201","0.88","4:54pm PDT","Yes","Maker"
"Trade","KXNCAAFGAME-25OCT30TULNUTSA-UTSA","ee25f3ed-2078-4760-b911-c88e25ef4f6e","2025-10-30T23:54:46.835Z","46","256","1.12","4:54pm PDT","Yes","Maker"
"Trade","KXNCAAFGAME-25OCT30TULNUTSA-UTSA","ee25f3ed-2078-4760-b911-c88e25ef4f6e","2025-10-30T23:54:46.835Z","45","43","0.19","4:54pm PDT","Yes","Maker"
"Trade","KXNCAAFGAME-25OCT30TULNUTSA-UTSA","ee25f3ed-2078-4760-b911-c88e25ef4f6e","2025-10-30T23:54:46.810Z","46","43","0.19","4:54pm PDT","Yes","Maker"
"Trade","KXNCAAFGAME-25OCT30TULNUTSA-UTSA","ee25f3ed-2078-4760-b911-c88e25ef4f6e","2025-10-30T23:54:45.861Z","46","448","1.95","4:54pm PDT","Yes","Maker"
"Trade","KXNCAAFGAME-25OCT30TULNUTSA-UTSA","ee25f3ed-2078-4760-b911-c88e25ef4f6e","2025-10-30T23:54:39.763Z","46","200","0.87","4:54pm PDT","Yes","Maker"
"Trade","KXNCAAFGAME-25OCT30TULNUTSA-UTSA","ee25f3ed-2078-4760-b911-c88e25ef4f6e","2025-10-30T23:54:39.105Z","46","28","0.13","4:54pm PDT","Yes","Maker"
"Trade","KXNCAAFGAME-25OCT30TULNUTSA-UTSA","ee25f3ed-2078-4760-b911-c88e25ef4f6e","2025-10-30T23:54:39.039Z","46","121","0.53","4:54pm PDT","Yes","Maker"
"Trade","KXNCAAFGAME-25OCT30TULNUTSA-UTSA","ee25f3ed-2078-4760-b911-c88e25ef4f6e","2025-10-30T23:54:38.511Z","46","3","0.02","4:54pm PDT","Yes","Maker"
"Trade","KXNCAAFGAME-25OCT30TULNUTSA-UTSA","ee25f3ed-2078-4760-b911-c88e25ef4f6e","2025-10-30T23:54:37.232Z","46","14","0.07","4:54pm PDT","Yes","Maker"
"Trade","KXNCAAFGAME-25OCT30TULNUTSA-UTSA","ee25f3ed-2078-4760-b911-c88e25ef4f6e","2025-10-30T23:54:36.744Z","46","25","0.11","4:54pm PDT","Yes","Maker"
"Trade","KXNCAAFGAME-25OCT30TULNUTSA-UTSA","ee25f3ed-2078-4760-b911-c88e25ef4f6e","2025-10-30T23:54:36.090Z","46","4","0.02","4:54pm PDT","Yes","Maker"
"Trade","KXNCAAFGAME-25OCT30TULNUTSA-UTSA","ee25f3ed-2078-4760-b911-c88e25ef4f6e","2025-10-30T23:54:35.495Z","45","5","0.03","4:54pm PDT","Yes","Maker"
"Trade","KXNCAAFGAME-25OCT30TULNUTSA-UTSA","ee25f3ed-2078-4760-b911-c88e25ef4f6e","2025-10-30T23:54:35.220Z","45","5","0.03","4:54pm PDT","Yes","Maker"
"Trade","KXNCAAFGAME-25OCT30TULNUTSA-UTSA","ee25f3ed-2078-4760-b911-c88e25ef4f6e","2025-10-30T23:54:35.177Z","44","102","1.76","4:54pm PDT","Yes","Taker"
"Trade","KXNCAAFGAME-25OCT30TULNUTSA-UTSA","ee25f3ed-2078-4760-b911-c88e25ef4f6e","2025-10-30T23:54:35.017Z","43","200","0.86","4:54pm PDT","Yes","Maker"
"Trade","KXNCAAFGAME-25OCT30TULNUTSA-UTSA","ee25f3ed-2078-4760-b911-c88e25ef4f6e","2025-10-30T23:54:34.765Z","43","51","0.22","4:54pm PDT","Yes","Maker"
"Trade","KXNCAAFGAME-25OCT30TULNUTSA-UTSA","ee25f3ed-2078-4760-b911-c88e25ef4f6e","2025-10-30T23:54:34.639Z","43","149","0.64","4:54pm PDT","Yes","Maker"
"Trade","KXNCAAFGAME-25OCT30TULNUTSA-UTSA","ee25f3ed-2078-4760-b911-c88e25ef4f6e","2025-10-30T23:54:34.629Z","43","5","0.03","4:54pm PDT","Yes","Maker"
"Trade","KXNCAAFGAME-25OCT30TULNUTSA-UTSA","ee25f3ed-2078-4760-b911-c88e25ef4f6e","2025-10-30T23:54:34.602Z","43","5","0.03","4:54pm PDT","Yes","Maker"
"Trade","KXNCAAFGAME-25OCT30TULNUTSA-UTSA","ee25f3ed-2078-4760-b911-c88e25ef4f6e","2025-10-30T23:54:34.574Z","43","5","0.03","4:54pm PDT","Yes","Maker"
"Trade","KXNCAAFGAME-25OCT30TULNUTSA-UTSA","ee25f3ed-2078-4760-b911-c88e25ef4f6e","2025-10-30T23:54:34.569Z","43","29","0.13","4:54pm PDT","Yes","Maker"
"Trade","KXNCAAFGAME-25OCT30TULNUTSA-UTSA","ee25f3ed-2078-4760-b911-c88e25ef4f6e","2025-10-30T23:54:34.539Z","37","10","0.16","4:54pm PDT","Yes","Taker"
"Trade","KXNCAAFGAME-25OCT30TULNUTSA-UTSA","ee25f3ed-2078-4760-b911-c88e25ef4f6e","2025-10-30T23:54:34.539Z","35","6","0.10","4:54pm PDT","Yes","Taker"
"Trade","KXNCAAFGAME-25OCT30TULNUTSA-UTSA","ee25f3ed-2078-4760-b911-c88e25ef4f6e","2025-10-30T23:54:33.870Z","35","28","0.45","4:54pm PDT","Yes","Taker"
"Trade","KXNCAAFGAME-25OCT30TULNUTSA-UTSA","ee25f3ed-2078-4760-b911-c88e25ef4f6e","2025-10-30T23:54:33.870Z","36","40","0.65","4:54pm PDT","Yes","Taker"
"Trade","KXNCAAFGAME-25OCT30TULNUTSA-UTSA","ee25f3ed-2078-4760-b911-c88e25ef4f6e","2025-10-30T23:54:33.870Z","33","19","0.30","4:54pm PDT","Yes","Taker"
"Trade","KXNCAAFGAME-25OCT30TULNUTSA-UTSA","ee25f3ed-2078-4760-b911-c88e25ef4f6e","2025-10-30T23:54:33.870Z","34","1","0.01","4:54pm PDT","Yes","Taker"
"Trade","KXNCAAFGAME-25OCT30TULNUTSA-UTSA","ee25f3ed-2078-4760-b911-c88e25ef4f6e","2025-10-30T23:54:33.870Z","37","1","0.01","4:54pm PDT","Yes","Taker"
"Trade","KXNCAAFGAME-25OCT30TULNUTSA-UTSA","ee25f3ed-2078-4760-b911-c88e25ef4f6e","2025-10-30T23:54:33.870Z","38","266","4.39","4:54pm PDT","Yes","Taker"
"Trade","KXNCAAFGAME-25OCT30TULNUTSA-UTSA","ee25f3ed-2078-4760-b911-c88e25ef4f6e","2025-10-30T23:54:23.478Z","62","842","3.48","4:54pm PDT","No","Maker"
"Trade","KXNCAAFGAME-25OCT30TULNUTSA-UTSA","ee25f3ed-2078-4760-b911-c88e25ef4f6e","2025-10-30T23:54:23.478Z","58","571","2.44","4:54pm PDT","No","Maker"
"Trade","KXNCAAFGAME-25OCT30TULNUTSA-UTSA","ee25f3ed-2078-4760-b911-c88e25ef4f6e","2025-10-30T23:54:23.478Z","65","1,142","4.55","4:54pm PDT","No","Maker"
"Trade","KXNCAAFGAME-25OCT30TULNUTSA-UTSA","ee25f3ed-2078-4760-b911-c88e25ef4f6e","2025-10-30T23:54:23.478Z","69","1,435","5.38","4:54pm PDT","No","Maker"
"Trade","KXNCAAFGAME-25OCT30TULNUTSA-UTSA","ee25f3ed-2078-4760-b911-c88e25ef4f6e","2025-10-30T23:54:23.478Z","55","355","1.54","4:54pm PDT","No","Maker"
"Trade","KXNHLGAME-25OCT30CGYOTT-OTT","c3292f22-cda9-4f99-bc49-585029aa60aa","2025-10-30T23:40:55.560Z","45","23","0.40","4:40pm PDT","Yes","Taker"
"Trade","KXNHLGAME-25OCT30CGYOTT-OTT","c3292f22-cda9-4f99-bc49-585029aa60aa","2025-10-30T23:40:55.560Z","45","23","0.40","4:40pm PDT","Yes","Taker"
"Trade","KXNHLGAME-25OCT30CGYOTT-OTT","c3292f22-cda9-4f99-bc49-585029aa60aa","2025-10-30T23:40:55.560Z","46","46","0.80","4:40pm PDT","Yes","Taker"
"Trade","KXNHLGAME-25OCT30CGYOTT-OTT","c3292f22-cda9-4f99-bc49-585029aa60aa","2025-10-30T23:40:21.917Z","49","51","0.23","4:40pm PDT","No","Maker"
"Trade","KXNHLGAME-25OCT30CGYOTT-OTT","c3292f22-cda9-4f99-bc49-585029aa60aa","2025-10-30T23:40:21.917Z","49","51","0.23","4:40pm PDT","No","Maker"
"Trade","KXNHLGAME-25OCT30CGYOTT-OTT","c3292f22-cda9-4f99-bc49-585029aa60aa","2025-10-30T23:40:21.917Z","49","51","0.23","4:40pm PDT","No","Maker"
"Trade","KXNHLGAME-25OCT30CGYOTT-OTT","c3292f22-cda9-4f99-bc49-585029aa60aa","2025-10-30T23:38:18.086Z","42","51","0.22","4:38pm PDT","Yes","Maker"
"Trade","KXNHLGAME-25OCT30CGYOTT-OTT","c3292f22-cda9-4f99-bc49-585029aa60aa","2025-10-30T23:37:05.469Z","44","10","0.05","4:37pm PDT","Yes","Maker"